Title,Media URL,Pinterest board,Thumbnail,Description,Link,Publish date,Keywords
A GLP-1 Tracker You Can Fill In on Your Phone,https://cdn.jsdelivr.net/gh/ilsetanis/glp1-living-pins@main/glp1-living-glp-1-trackers-journals-w38-c92aba7a.png,GLP-1 Trackers & Journals,,"A GLP-1 tracker that works on your phone as easily as your laptop, so you can log the shot the moment you take it. Dose, site, weight and notes in one place. Instant download.",https://www.etsy.com/listing/4534977454/glp-1-shot-tracker-google-sheets?utm_source=pinterest&utm_medium=organic&utm_campaign=trackers-journals&utm_content=glp1-w38-p001,2026-09-15T06:48:00,"glp-1 shot tracker, glp-1 weight tracker, glp 1 weight tracker, glp-1 weekly tracker, free glp-1 tracker, glp-1 tracker app, semaglutide injection log, weight loss tracker printable"
GLP-1 Weight Tracker With Automatic Charts and Percent Lost,https://cdn.jsdelivr.net/gh/ilsetanis/glp1-living-pins@main/glp1-living-glp-1-trackers-journals-w38-c269430e.png,GLP-1 Trackers & Journals,,"A GLP-1 weight tracker that charts automatically: enter the number, see the curve. Percent lost, total change and weekly trend calculate themselves. Instant download.",https://glp-1-living.com/products/glp-1-shot-tracker-google-sheets?utm_source=pinterest&utm_medium=organic&utm_campaign=trackers-journals&utm_content=glp1-w38-p002,2026-09-15T07:09:00,"glp-1 shot tracker, glp-1 weight tracker, glp 1 weight tracker, glp-1 weekly tracker, free glp-1 tracker, glp-1 tracker app, semaglutide injection log, weight loss tracker printable"
GLP-1 Lunch Recipes You Can Prep on Sunday,https://cdn.jsdelivr.net/gh/ilsetanis/glp1-living-pins@main/glp1-living-glp-1-recipes-w38-2951536e.png,GLP-1 Recipes,,"Lunch recipes for GLP-1: high protein, packable and portioned for a smaller appetite. Prep once, eat all week. Printable PDF, instant download.",https://glp-1-living.com/products/glp-1-tirzepatide-lunch-recipes?utm_source=pinterest&utm_medium=organic&utm_campaign=recipes&utm_content=glp1-w38-p003,2026-09-15T07:46:00,"glp-1 living, food noise, glp-1 tracker, glp-1 meal plan, medspa marketing, weight loss clinic social media, glp-1 tips"
"GLP-1 Shot Tracker: Log Every Injection, Dose and Site in One Place",https://cdn.jsdelivr.net/gh/ilsetanis/glp1-living-pins@main/glp1-living-glp-1-trackers-journals-w38-f14bc590.png,GLP-1 Trackers & Journals,,"A GLP-1 shot tracker that keeps your whole schedule in one view: injection date, dose, site rotation and how the week felt. Fills itself in as you go, so you always know where you are. Instant download.",https://www.etsy.com/listing/4534977454/glp-1-shot-tracker-google-sheets?utm_source=pinterest&utm_medium=organic&utm_campaign=trackers-journals&utm_content=glp1-w38-p004,2026-09-15T08:56:00,"glp-1 shot tracker, glp-1 weight tracker, glp 1 weight tracker, glp-1 weekly tracker, free glp-1 tracker, glp-1 tracker app, semaglutide injection log, weight loss tracker printable"
"GLP-1 Food List: What to Eat, Limit and Avoid on One Chart",https://cdn.jsdelivr.net/gh/ilsetanis/glp1-living-pins@main/glp1-living-glp-1-foods-to-eat-w38-71e777d4.png,GLP-1 Foods to Eat,,"A GLP-1 food list on a single chart: eat, limit and avoid, so you can decide in the aisle instead of at home. Printable PDF, instant download.",https://www.etsy.com/listing/4412794657/glp-1-diet-food-list-printable-eatavoid?utm_source=pinterest&utm_medium=organic&utm_campaign=foods-to-eat&utm_content=glp1-w38-p005,2026-09-15T12:17:00,"glp-1 living, food noise, glp-1 tracker, glp-1 meal plan, medspa marketing, weight loss clinic social media, glp-1 tips"
"The GLP-1 Food Bundle: Lists, Swaps and Portion Guide Together",https://cdn.jsdelivr.net/gh/ilsetanis/glp1-living-pins@main/glp1-living-glp-1-foods-to-eat-w38-8147648f.png,GLP-1 Foods to Eat,,"A GLP-1 food bundle that answers the daily questions in one place: what to eat, what to swap and how much. Calm, clear, printable. Instant download.",https://glp-1-living.com/products/glp-1-food-list-bundle-with-grocery-list-symptom-swap-guide?utm_source=pinterest&utm_medium=organic&utm_campaign=foods-to-eat&utm_content=glp1-w38-p006,2026-09-15T12:27:00,"glp-1 food list, glp-1 meal plan, glp-1 tracker, high protein meal prep, glp-1 recipes"
GLP-1 Friendly Desserts You Can Actually Finish,https://cdn.jsdelivr.net/gh/ilsetanis/glp1-living-pins@main/glp1-living-glp-1-recipes-w38-c0bd024f.png,GLP-1 Recipes,,"Small, high protein desserts made for a GLP-1 appetite. Simple ingredients, no baking marathons. Printable PDF, instant download.",https://www.etsy.com/listing/4549734641/?utm_source=pinterest&utm_medium=organic&utm_campaign=recipes&utm_content=glp1-w38-p007,2026-09-15T13:13:00,"glp-1 living, food noise, glp-1 tracker, glp-1 meal plan, medspa marketing, weight loss clinic social media, glp-1 tips"
Medspa Marketing Flyer for GLP-1 Weight Loss Services,https://cdn.jsdelivr.net/gh/ilsetanis/glp1-living-pins@main/glp1-living-glp-1-tools-for-clinics-coaches-w38-72807f9a.png,GLP-1 Tools for Clinics & Coaches,,"A GLP-1 marketing flyer for medspas: service, pricing block, what is included and a clear next step. Edit the text and colours in Canva, print or post it the same day. Instant download.",https://glp-1-living.com/products/tirzepatide-weight-loss-flyer?utm_source=pinterest&utm_medium=organic&utm_campaign=tools-for-clinics-coaches&utm_content=glp1-w38-p008,2026-09-15T13:22:00,"medspa marketing, med spa social media, weight loss clinic marketing, aesthetic clinic marketing, patient education handout"
GLP-1 Planner 2026: A Full Year of Tracking in One Place,https://cdn.jsdelivr.net/gh/ilsetanis/glp1-living-pins@main/glp1-living-glp-1-trackers-journals-w38-575053be.png,GLP-1 Trackers & Journals,,"A GLP-1 planner for 2026: injection log, weight pages, habit tracking and monthly check-ins for the whole year. Digital or printable. Instant download.",https://www.etsy.com/listing/4430717036/glp1-planner-2026-tirzepatide-weight?utm_source=pinterest&utm_medium=organic&utm_campaign=trackers-journals&utm_content=glp1-w38-p009,2026-09-15T13:58:00,"glp-1 living, food noise, glp-1 tracker, glp-1 meal plan, medspa marketing, weight loss clinic social media, glp-1 tips"
High Fiber Foods List for GLP-1 Constipation,https://cdn.jsdelivr.net/gh/ilsetanis/glp1-living-pins@main/glp1-living-glp-1-foods-to-eat-w38-f7604bc2.png,GLP-1 Foods to Eat,,"A high fiber food list for one of the most common GLP-1 complaints. Which foods help, how much to aim for and what to pair them with. Printable PDF, instant download.",https://glp-1-living.com/products/glp-1-constipation-food-list?utm_source=pinterest&utm_medium=organic&utm_campaign=foods-to-eat&utm_content=glp1-w38-p010,2026-09-15T16:25:00,"high fiber foods list, high fiber foods aesthetic, high fiber foods chart, high fiber foods for gut health, high fiber foods snacks, high fiber meals"
Food to Eat While Taking Wegovy: The Full Chart,https://cdn.jsdelivr.net/gh/ilsetanis/glp1-living-pins@main/glp1-living-glp-1-foods-to-eat-w38-2a4ba94a.png,GLP-1 Foods to Eat,,"A full Wegovy food chart: eat, limit and avoid in three columns, with a protein list on the back. Printable PDF, instant download.",https://glp-1-living.com/products/glp-1-diet-food-list-printable?utm_source=pinterest&utm_medium=organic&utm_campaign=foods-to-eat&utm_content=glp1-w38-p011,2026-09-15T16:55:00,"wegovy food list, wegovy foods, wegovy food plan, foods for wegovy, wegovy safe foods, food to eat while taking wegovy, best food to eat on wegovy, wegovy foods to avoid"
GLP-1 Shot Tracker With Dose Log and Side Effect Notes,https://cdn.jsdelivr.net/gh/ilsetanis/glp1-living-pins@main/glp1-living-glp-1-trackers-journals-w38-8fcbd70f.png,GLP-1 Trackers & Journals,,"A GLP-1 shot tracker with room for the things that matter between injections: dose changes, site rotation, nausea, energy and sleep. So your next check-in is based on notes, not memory. Instant download.",https://glp-1-living.com/products/glp-1-shot-tracker-google-sheets?utm_source=pinterest&utm_medium=organic&utm_campaign=trackers-journals&utm_content=glp1-w38-p012,2026-09-15T17:24:00,"glp-1 shot tracker, glp-1 weight tracker, glp 1 weight tracker, glp-1 weekly tracker, free glp-1 tracker, glp-1 tracker app, semaglutide injection log, weight loss tracker printable"
7 Day Meal Plan for Semaglutide and Tirzepatide Users,https://cdn.jsdelivr.net/gh/ilsetanis/glp1-living-pins@main/glp1-living-glp-1-meal-plans-w38-d73098a1.png,GLP-1 Meal Plans,,"A 7 day meal plan written for semaglutide and tirzepatide users: high protein, small portions, gentle on a sensitive stomach. Grocery list included. Instant download.",https://glp-1-living.com/products/1200-calorie-high-protein-meal-plan-7-day-glp-1-plan-with-ma?utm_source=pinterest&utm_medium=organic&utm_campaign=meal-plans&utm_content=glp1-w38-p013,2026-09-15T17:54:00,"glp-1 living, food noise, glp-1 tracker, glp-1 meal plan, medspa marketing, weight loss clinic social media, glp-1 tips"
"Foods to Eat While on GLP-1, Sorted and Printable",https://cdn.jsdelivr.net/gh/ilsetanis/glp1-living-pins@main/glp1-living-glp-1-foods-to-eat-w38-98c05b4c.png,GLP-1 Foods to Eat,,"A GLP-1 food list sorted by category so you can shop from it: protein, produce, carbs and the ones to limit. Printable PDF, instant download.",https://glp-1-living.com/products/glp-1-diet-food-list-printable?utm_source=pinterest&utm_medium=organic&utm_campaign=foods-to-eat&utm_content=glp1-w38-p014,2026-09-15T18:25:00,"glp-1 living, food noise, glp-1 tracker, glp-1 meal plan, medspa marketing, weight loss clinic social media, glp-1 tips"
GLP-1 Light Meals for Days With No Appetite,https://cdn.jsdelivr.net/gh/ilsetanis/glp1-living-pins@main/glp1-living-glp-1-recipes-w38-cd3a2803.png,GLP-1 Recipes,,"Light meal recipes for GLP-1: gentle, high protein and easy to finish on the days nothing sounds good. Printable PDF, instant download.",https://glp-1-living.com/products/glp-1-light-meals-cookbook?utm_source=pinterest&utm_medium=organic&utm_campaign=recipes&utm_content=glp1-w38-p015,2026-09-15T18:55:00,"glp-1 living, food noise, glp-1 tracker, glp-1 meal plan, medspa marketing, weight loss clinic social media, glp-1 tips"
"GLP-1 Patient Flyer Template for Weight Loss Clinics, Editable in Canva",https://cdn.jsdelivr.net/gh/ilsetanis/glp1-living-pins@main/glp1-living-glp-1-tools-for-clinics-coaches-w38-5cc40d47.png,GLP-1 Tools for Clinics & Coaches,,"An editable GLP-1 patient flyer for clinics and medspas: what the medication does, what to expect and how to get started, already written and designed. Swap in your logo and colours in Canva. Instant download.",https://glp-1-living.com/products/tirzepatide-weight-loss-flyer?utm_source=pinterest&utm_medium=organic&utm_campaign=tools-for-clinics-coaches&utm_content=glp1-w38-p016,2026-09-16T06:11:00,"medspa marketing, med spa social media, weight loss clinic marketing, aesthetic clinic marketing, patient education handout"
"GLP-1 Flyer Set for Clinics: Three Layouts, One Brand",https://cdn.jsdelivr.net/gh/ilsetanis/glp1-living-pins@main/glp1-living-glp-1-tools-for-clinics-coaches-w38-05f331d9.png,GLP-1 Tools for Clinics & Coaches,,"A set of GLP-1 flyers for clinics and medspas in three layouts, so your handouts look like they belong together. Editable in Canva with your own colours and logo. Instant download.",https://glp-1-living.com/products/tirzepatide-weight-loss-flyer?utm_source=pinterest&utm_medium=organic&utm_campaign=tools-for-clinics-coaches&utm_content=glp1-w38-p017,2026-09-16T08:25:00,"medspa marketing, med spa social media, weight loss clinic marketing, aesthetic clinic marketing, patient education handout"
GLP-1 Programme Flyer for Nurse Practitioners and Coaches,https://cdn.jsdelivr.net/gh/ilsetanis/glp1-living-pins@main/glp1-living-glp-1-tools-for-clinics-coaches-w38-bb92f370.png,GLP-1 Tools for Clinics & Coaches,,"A GLP-1 programme flyer for nurse practitioners, coaches and small clinics. Professional layout, patient-friendly copy, fully editable in Canva. Instant download.",https://www.etsy.com/listing/4383818620/tirzepatide-zepbound-weight-loss-flyer?utm_source=pinterest&utm_medium=organic&utm_campaign=tools-for-clinics-coaches&utm_content=glp1-w38-p018,2026-09-16T10:15:00,"medspa marketing, med spa social media, weight loss clinic marketing, aesthetic clinic marketing, patient education handout"
"A Month of GLP-1 Meals, Planned and Shopped For",https://cdn.jsdelivr.net/gh/ilsetanis/glp1-living-pins@main/glp1-living-glp-1-meal-plans-w38-46f43d1b.png,GLP-1 Meal Plans,,"A 30 day GLP-1 meal plan that covers a full month: breakfast, lunch, dinner and snacks, with the grocery list for each week. For when food noise is quiet but so is your appetite. Instant download.",https://glp-1-living.com/products/30-day-glp-1-meal-plan?utm_source=pinterest&utm_medium=organic&utm_campaign=meal-plans&utm_content=glp1-w38-p019,2026-09-16T12:23:00,"glp-1 living, food noise, glp-1 tracker, glp-1 meal plan, medspa marketing, weight loss clinic social media, glp-1 tips"
High Protein Lunch Ideas for GLP-1,https://cdn.jsdelivr.net/gh/ilsetanis/glp1-living-pins@main/glp1-living-glp-1-recipes-w38-9a0ad0a8.png,GLP-1 Recipes,,"GLP-1 lunch recipes that travel: high protein, small portions and nothing that needs reheating twice. Printable PDF, instant download.",https://glp-1-living.com/products/glp-1-tirzepatide-lunch-recipes?utm_source=pinterest&utm_medium=organic&utm_campaign=recipes&utm_content=glp1-w38-p020,2026-09-16T12:31:00,"glp-1 living, food noise, glp-1 tracker, glp-1 meal plan, medspa marketing, weight loss clinic social media, glp-1 tips"
Nutrient Dense Foods to Eat When You Are Eating Less,https://cdn.jsdelivr.net/gh/ilsetanis/glp1-living-pins@main/glp1-living-glp-1-foods-to-eat-w38-07e98f9f.png,GLP-1 Foods to Eat,,"A vitamin and mineral guide for GLP-1: which nutrients get missed when portions shrink, and the foods that cover them. Practical, printable, no supplement selling. Instant download.",https://glp-1-living.com/products/glp-1-vitamin-and-mineral-guide?utm_source=pinterest&utm_medium=organic&utm_campaign=foods-to-eat&utm_content=glp1-w38-p021,2026-09-16T13:27:00,"vitamin rich foods, vitamin deficiency symptoms, foods for energy, magnesium rich foods, nutrient dense foods"
GLP-1 Dose History: See Every Titration Step at a Glance,https://cdn.jsdelivr.net/gh/ilsetanis/glp1-living-pins@main/glp1-living-glp-1-trackers-journals-w38-1cb09ca3.png,GLP-1 Trackers & Journals,,"A GLP-1 dose log that keeps your whole titration history visible: what you took, when it changed and how that week went. Useful for your own overview and for your next appointment. Instant download.",https://glp-1-living.com/products/glp-1-shot-tracker-google-sheets?utm_source=pinterest&utm_medium=organic&utm_campaign=trackers-journals&utm_content=glp1-w38-p022,2026-09-16T14:37:00,"glp-1 shot tracker, glp-1 weight tracker, glp 1 weight tracker, glp-1 weekly tracker, free glp-1 tracker, glp-1 tracker app, semaglutide injection log, weight loss tracker printable"
"GLP-1 Intake Form Template, Editable and Ready to Use",https://cdn.jsdelivr.net/gh/ilsetanis/glp1-living-pins@main/glp1-living-glp-1-tools-for-clinics-coaches-w38-1f9aaccb.png,GLP-1 Tools for Clinics & Coaches,,"A GLP-1 intake form template that covers what you actually need to ask before the first injection. Professional layout, editable in Canva, print or fill in digitally. Instant download.",https://glp-1-living.com/products/glp-1-client-intake-form-and-consent-form-bundle-for-med-spa?utm_source=pinterest&utm_medium=organic&utm_campaign=tools-for-clinics-coaches&utm_content=glp1-w38-p023,2026-09-16T15:02:00,"medspa forms, client intake form, consent form template, esthetician business forms"
"7 Day GLP-1 Meal Plan: 1200 Calories, Protein First",https://cdn.jsdelivr.net/gh/ilsetanis/glp1-living-pins@main/glp1-living-glp-1-meal-plans-w38-6cbe696e.png,GLP-1 Meal Plans,,"A 7 day GLP-1 meal plan at roughly 1200 calories with protein as the first priority. Macros listed, grocery list attached, no calorie counting required from you. Instant download.",https://glp-1-living.com/products/1200-calorie-high-protein-meal-plan-7-day-glp-1-plan-with-ma?utm_source=pinterest&utm_medium=organic&utm_campaign=meal-plans&utm_content=glp1-w38-p024,2026-09-16T15:09:00,"glp-1 living, food noise, glp-1 tracker, glp-1 meal plan, medspa marketing, weight loss clinic social media, glp-1 tips"
GLP-1 Meal Planner and Habit Tracker in One Kit,https://cdn.jsdelivr.net/gh/ilsetanis/glp1-living-pins@main/glp1-living-glp-1-trackers-journals-w38-83a4bb72.png,GLP-1 Trackers & Journals,,"A GLP-1 kit that pairs meal planning with habit tracking: what you will eat, and the protein, water and movement that go with it. Printable PDF, instant download.",https://glp-1-living.com/products/glp-1-tracker-tirzepatide-meal-planner-kit?utm_source=pinterest&utm_medium=organic&utm_campaign=trackers-journals&utm_content=glp1-w38-p025,2026-09-16T16:29:00,"glp-1 living, food noise, glp-1 tracker, glp-1 meal plan, medspa marketing, weight loss clinic social media, glp-1 tips"
Low Sugar Food List for GLP-1: Swaps That Actually Stick,https://cdn.jsdelivr.net/gh/ilsetanis/glp1-living-pins@main/glp1-living-glp-1-foods-to-eat-w38-4e0f948f.png,GLP-1 Foods to Eat,,"A low sugar food list for GLP-1, with the swaps that hold up when cravings return. Clear columns, printable, no shame language. Instant download.",https://glp-1-living.com/products/glp-1-low-sugar-food-list?utm_source=pinterest&utm_medium=organic&utm_campaign=foods-to-eat&utm_content=glp1-w38-p026,2026-09-16T17:45:00,"glp-1 living, food noise, glp-1 tracker, glp-1 meal plan, medspa marketing, weight loss clinic social media, glp-1 tips"
Vegetarian GLP-1 Recipes That Still Hit Your Protein,https://cdn.jsdelivr.net/gh/ilsetanis/glp1-living-pins@main/glp1-living-glp-1-recipes-w38-e7e86662.png,GLP-1 Recipes,,"Vegetarian recipes for GLP-1 with the protein problem solved: every meal lists its grams, portions stay small. Printable PDF, instant download.",https://glp-1-living.com/products/glp-1-tirzepatide-vegetarian-recipes?utm_source=pinterest&utm_medium=organic&utm_campaign=recipes&utm_content=glp1-w38-p027,2026-09-16T18:21:00,"glp-1 living, food noise, glp-1 tracker, glp-1 meal plan, medspa marketing, weight loss clinic social media, glp-1 tips"
"Warm, Familiar GLP-1 Meals for Cold Evenings",https://cdn.jsdelivr.net/gh/ilsetanis/glp1-living-pins@main/glp1-living-glp-1-recipes-w38-bf53d4e3.png,GLP-1 Recipes,,"Comfort recipes for GLP-1 that keep the protein high and the portion realistic. Nothing fancy, nothing forced. Printable PDF, instant download.",https://glp-1-living.com/products/glp-1-recipe-book-digital-high-protein?utm_source=pinterest&utm_medium=organic&utm_campaign=recipes&utm_content=glp1-w38-p028,2026-09-16T20:45:00,"glp-1 living, food noise, glp-1 tracker, glp-1 meal plan, medspa marketing, weight loss clinic social media, glp-1 tips"
Light GLP-1 Dinners That Still Hit Your Protein,https://cdn.jsdelivr.net/gh/ilsetanis/glp1-living-pins@main/glp1-living-glp-1-recipes-w38-6c4deaff.png,GLP-1 Recipes,,"GLP-1 light meals that stay small but still reach your protein target. Simple ingredients, short methods. Printable PDF, instant download.",https://glp-1-living.com/products/glp-1-light-meals-cookbook?utm_source=pinterest&utm_medium=organic&utm_campaign=recipes&utm_content=glp1-w38-p029,2026-09-16T21:33:00,"glp-1 living, food noise, glp-1 tracker, glp-1 meal plan, medspa marketing, weight loss clinic social media, glp-1 tips"
"GLP-1 Meal Plan: High Protein, Small Portions, Grocery List Included",https://cdn.jsdelivr.net/gh/ilsetanis/glp1-living-pins@main/glp1-living-glp-1-meal-plans-w38-3261edb8.png,GLP-1 Meal Plans,,"A GLP-1 meal plan built around protein and portions that match a smaller appetite. Meals, macros and a grocery list in one printable PDF. Instant download.",https://glp-1-living.com/products/30-day-glp-1-meal-plan?utm_source=pinterest&utm_medium=organic&utm_campaign=meal-plans&utm_content=glp1-w38-p030,2026-09-17T07:21:00,"glp-1 living, food noise, glp-1 tracker, glp-1 meal plan, medspa marketing, weight loss clinic social media, glp-1 tips"
High Protein Foods to Protect Muscle on GLP-1,https://cdn.jsdelivr.net/gh/ilsetanis/glp1-living-pins@main/glp1-living-glp-1-foods-to-eat-w38-1400f794.png,GLP-1 Foods to Eat,,"A protein food list built around keeping muscle while you lose weight on GLP-1: grams per portion, easy options and what to eat on low appetite days. Printable PDF, instant download.",https://www.etsy.com/listing/4553677179/?utm_source=pinterest&utm_medium=organic&utm_campaign=foods-to-eat&utm_content=glp1-w38-p031,2026-09-17T08:51:00,"high protein grocery list, high protein grocery list clean eating, high protein grocery list budget, high protein grocery list meal prep, high protein grocery store snacks, high protein grocery shopping, glp-1 grocery list"
Ozempic Food Shopping List You Can Take to the Store,https://cdn.jsdelivr.net/gh/ilsetanis/glp1-living-pins@main/glp1-living-glp-1-foods-to-eat-w38-51eff6a3.png,GLP-1 Foods to Eat,,"An Ozempic shopping list sorted by aisle: protein, produce, pantry and the ones to limit. One page, printable, instant download.",https://glp-1-living.com/products/glp-1-diet-food-list-printable?utm_source=pinterest&utm_medium=organic&utm_campaign=foods-to-eat&utm_content=glp1-w38-p032,2026-09-17T09:07:00,"ozempic food list, ozempic foods to eat, ozempic food plan, ozempic food shopping list, what foods to eat while on ozempic, foods to eat when on ozempic, ozempic food guide, ozempic food recipes"
"GLP-1 Grocery List and Food Chart Bundle, Printable PDF",https://cdn.jsdelivr.net/gh/ilsetanis/glp1-living-pins@main/glp1-living-glp-1-foods-to-eat-w38-4985a20b.png,GLP-1 Foods to Eat,,"A GLP-1 bundle with the two things you reach for most: the eat and avoid chart and a high protein grocery list you can take to the shop. Printable PDF, instant download.",https://www.etsy.com/listing/4550837784/?utm_source=pinterest&utm_medium=organic&utm_campaign=foods-to-eat&utm_content=glp1-w38-p033,2026-09-17T10:31:00,"glp-1 food list, glp-1 meal plan, glp-1 tracker, high protein meal prep, glp-1 recipes"
30 Days of GLP-1 Meals Without Deciding Every Night,https://cdn.jsdelivr.net/gh/ilsetanis/glp1-living-pins@main/glp1-living-glp-1-meal-plans-w38-70905abc.png,GLP-1 Meal Plans,,"A 30 day GLP-1 meal plan so dinner is already decided. High protein, simple, repeatable, with weekly grocery lists. Printable PDF, instant download.",https://www.etsy.com/listing/4463280953/30-day-glp-1-meal-plan-monthly-high?utm_source=pinterest&utm_medium=organic&utm_campaign=meal-plans&utm_content=glp1-w38-p034,2026-09-17T10:56:00,"glp-1 living, food noise, glp-1 tracker, glp-1 meal plan, medspa marketing, weight loss clinic social media, glp-1 tips"
GLP-1 Foods to Eat When Nothing Sounds Good,https://cdn.jsdelivr.net/gh/ilsetanis/glp1-living-pins@main/glp1-living-glp-1-foods-to-eat-w38-abad6ca9.png,GLP-1 Foods to Eat,,"A GLP-1 food list for the weeks when your appetite has gone quiet: high protein foods that go down easily, plus what to limit. Printable PDF, instant download.",https://glp-1-living.com/products/glp-1-diet-food-list-printable?utm_source=pinterest&utm_medium=organic&utm_campaign=foods-to-eat&utm_content=glp1-w38-p035,2026-09-17T12:21:00,"glp-1 living, food noise, glp-1 tracker, glp-1 meal plan, medspa marketing, weight loss clinic social media, glp-1 tips"
Healthy Food Swaps for GLP-1 Beginners,https://cdn.jsdelivr.net/gh/ilsetanis/glp1-living-pins@main/glp1-living-glp-1-foods-to-eat-w38-382bfe71.png,GLP-1 Foods to Eat,,"A food swap guide for the first months on GLP-1: what to trade for what, and why. Clean, practical, no diet culture. Printable PDF, instant download.",https://glp-1-living.com/products/glp-1-food-swap-guide-for-beginners?utm_source=pinterest&utm_medium=organic&utm_campaign=foods-to-eat&utm_content=glp1-w38-p036,2026-09-17T13:09:00,"healthy food swaps, healthy food swaps clean eating, healthy food swaps aesthetic, healthy food swaps snacks, healthy food swaps for calorie deficit, healthy food swaps breakfast"
Small Plates for GLP-1: Light Meals That Sit Well,https://cdn.jsdelivr.net/gh/ilsetanis/glp1-living-pins@main/glp1-living-glp-1-recipes-w38-dd611256.png,GLP-1 Recipes,,"A light meals cookbook for GLP-1, built for a smaller stomach: modest portions, high protein and nothing heavy. Instant download.",https://www.etsy.com/listing/4437018718/glp-1-light-meals-cookbook-35-small?utm_source=pinterest&utm_medium=organic&utm_campaign=recipes&utm_content=glp1-w38-p037,2026-09-17T13:26:00,"glp-1 living, food noise, glp-1 tracker, glp-1 meal plan, medspa marketing, weight loss clinic social media, glp-1 tips"
GLP-1 Soup Recipes for Nausea Days,https://cdn.jsdelivr.net/gh/ilsetanis/glp1-living-pins@main/glp1-living-glp-1-recipes-w38-c48c1995.png,GLP-1 Recipes,,"Soup recipes for GLP-1 built around the days your stomach is unsettled: gentle, warm, and still high in protein. Printable PDF, instant download.",https://www.etsy.com/listing/4464808477/glp-1-soup-cookbook-for-nausea-support?utm_source=pinterest&utm_medium=organic&utm_campaign=recipes&utm_content=glp1-w38-p038,2026-09-17T13:45:00,"glp-1 living, food noise, glp-1 tracker, glp-1 meal plan, medspa marketing, weight loss clinic social media, glp-1 tips"
"7 Day High Protein Meal Plan for GLP-1, With Grocery List",https://cdn.jsdelivr.net/gh/ilsetanis/glp1-living-pins@main/glp1-living-glp-1-meal-plans-w38-6e7e5988.png,GLP-1 Meal Plans,,"A 7 day high protein meal plan built for a smaller appetite: every meal hits its protein target, portions stay realistic and the grocery list is already written. Printable PDF, instant download.",https://glp-1-living.com/products/1200-calorie-high-protein-meal-plan-7-day-glp-1-plan-with-ma?utm_source=pinterest&utm_medium=organic&utm_campaign=meal-plans&utm_content=glp1-w38-p039,2026-09-17T14:22:00,"glp-1 living, food noise, glp-1 tracker, glp-1 meal plan, medspa marketing, weight loss clinic social media, glp-1 tips"
"GLP-1 Meal Plan for Ozempic, Wegovy and Mounjaro",https://cdn.jsdelivr.net/gh/ilsetanis/glp1-living-pins@main/glp1-living-glp-1-meal-plans-w38-478cd731.png,GLP-1 Meal Plans,,"A GLP-1 meal plan that works on any of the medications: high protein meals, small portions and a grocery list. Calm structure for the whole week. Instant download.",https://glp-1-living.com/products/30-day-glp-1-meal-plan?utm_source=pinterest&utm_medium=organic&utm_campaign=meal-plans&utm_content=glp1-w38-p040,2026-09-17T16:52:00,"glp-1 living, food noise, glp-1 tracker, glp-1 meal plan, medspa marketing, weight loss clinic social media, glp-1 tips"
"GLP-1 Comfort Food, Made High Protein",https://cdn.jsdelivr.net/gh/ilsetanis/glp1-living-pins@main/glp1-living-glp-1-recipes-w38-8944671b.png,GLP-1 Recipes,,"Comfort food recipes rebuilt for GLP-1: the meals you actually want, with the protein raised and the portions sized down. Printable PDF, instant download.",https://glp-1-living.com/products/glp-1-recipe-book-digital-high-protein?utm_source=pinterest&utm_medium=organic&utm_campaign=recipes&utm_content=glp1-w38-p041,2026-09-17T17:46:00,"glp-1 living, food noise, glp-1 tracker, glp-1 meal plan, medspa marketing, weight loss clinic social media, glp-1 tips"
"Foods to Eat on Mounjaro, Sorted and Printable",https://cdn.jsdelivr.net/gh/ilsetanis/glp1-living-pins@main/glp1-living-glp-1-foods-to-eat-w38-42f47bfb.png,GLP-1 Foods to Eat,,"A Mounjaro food chart sorted so you can shop from it: protein, produce, carbs and the foods most people struggle with. Instant download.",https://glp-1-living.com/products/glp-1-diet-food-list-printable?utm_source=pinterest&utm_medium=organic&utm_campaign=foods-to-eat&utm_content=glp1-w38-p042,2026-09-17T17:59:00,"mounjaro food list, mounjaro foods, mounjaro food plan, mounjaro food shopping list, foods to eat on mounjaro, foods to eat while on mounjaro, mounjaro foods to avoid, food to avoid on mounjaro"
The GLP-1 Food Chart You Can Stick on the Fridge,https://cdn.jsdelivr.net/gh/ilsetanis/glp1-living-pins@main/glp1-living-glp-1-foods-to-eat-w38-59bc7e95.png,GLP-1 Foods to Eat,,"A GLP-1 food list designed to be printed and looked at: eat, limit and avoid in clear columns, no scrolling required. Instant download.",https://glp-1-living.com/products/glp-1-diet-food-list-printable?utm_source=pinterest&utm_medium=organic&utm_campaign=foods-to-eat&utm_content=glp1-w38-p043,2026-09-17T21:35:00,"glp-1 living, food noise, glp-1 tracker, glp-1 meal plan, medspa marketing, weight loss clinic social media, glp-1 tips"
"GLP-1 Digital Planner for iPad, 2026 Edition",https://cdn.jsdelivr.net/gh/ilsetanis/glp1-living-pins@main/glp1-living-glp-1-trackers-journals-w38-d95a8595.png,GLP-1 Trackers & Journals,,"A GLP-1 digital planner built for iPad: hyperlinked tabs, injection log, weight pages and habit tracking. Works in GoodNotes and Notability. Instant download.",https://glp-1-living.com/products/glp-1-planner-2026?utm_source=pinterest&utm_medium=organic&utm_campaign=trackers-journals&utm_content=glp1-w38-p044,2026-09-18T06:38:00,"glp-1 living, food noise, glp-1 tracker, glp-1 meal plan, medspa marketing, weight loss clinic social media, glp-1 tips"
GLP-1 Portion Size Chart: How Much Is Actually Enough,https://cdn.jsdelivr.net/gh/ilsetanis/glp1-living-pins@main/glp1-living-glp-1-foods-to-eat-w38-051aa9c5.png,GLP-1 Foods to Eat,,"A portion size chart for GLP-1, using your hand instead of a scale. Protein, carbs, fat and vegetables at a glance. Printable PDF, instant download.",https://glp-1-living.com/products/glp-1-portion-size-chart?utm_source=pinterest&utm_medium=organic&utm_campaign=foods-to-eat&utm_content=glp1-w38-p045,2026-09-18T07:10:00,"portion control meals aesthetic, portion control meals, portion controlled diet, portion control plate, portion control meals healthy, portion size guide"
High Protein Breakfasts for When You Are Not Hungry,https://cdn.jsdelivr.net/gh/ilsetanis/glp1-living-pins@main/glp1-living-glp-1-recipes-w38-af600495.png,GLP-1 Recipes,,"GLP-1 breakfast recipes for the mornings appetite has not arrived yet: protein forward, easy to finish, quick to make. Instant download.",https://glp-1-living.com/products/glp-1-breakfast-recipes?utm_source=pinterest&utm_medium=organic&utm_campaign=recipes&utm_content=glp1-w38-p046,2026-09-18T08:33:00,"glp-1 living, food noise, glp-1 tracker, glp-1 meal plan, medspa marketing, weight loss clinic social media, glp-1 tips"
"High Protein Desserts for GLP-1, Without the Sugar Crash",https://cdn.jsdelivr.net/gh/ilsetanis/glp1-living-pins@main/glp1-living-glp-1-recipes-w38-7b48b1f5.png,GLP-1 Recipes,,"Dessert recipes for GLP-1: high protein, low sugar and small by design. For when you want something sweet and not a whole project. Printable PDF, instant download.",https://glp-1-living.com/products/glp-1-recipe-book-digital-high-protein?utm_source=pinterest&utm_medium=organic&utm_campaign=recipes&utm_content=glp1-w38-p047,2026-09-18T09:46:00,"glp-1 living, food noise, glp-1 tracker, glp-1 meal plan, medspa marketing, weight loss clinic social media, glp-1 tips"
GLP-1 Weight Tracker That Charts Itself Week by Week,https://cdn.jsdelivr.net/gh/ilsetanis/glp1-living-pins@main/glp1-living-glp-1-trackers-journals-w38-08856313.png,GLP-1 Trackers & Journals,,"A GLP-1 weight tracker that turns your weekly numbers into a clear line instead of a pile of notes. Weight, dose and measurements side by side, so you can see the trend and not just today. Instant download.",https://glp-1-living.com/products/glp-1-shot-tracker-google-sheets?utm_source=pinterest&utm_medium=organic&utm_campaign=trackers-journals&utm_content=glp1-w38-p048,2026-09-18T11:59:00,"glp-1 shot tracker, glp-1 weight tracker, glp 1 weight tracker, glp-1 weekly tracker, free glp-1 tracker, glp-1 tracker app, semaglutide injection log, weight loss tracker printable"
Consent and Intake Forms for Weight Loss Injection Clients,https://cdn.jsdelivr.net/gh/ilsetanis/glp1-living-pins@main/glp1-living-glp-1-tools-for-clinics-coaches-w38-cb08a779.png,GLP-1 Tools for Clinics & Coaches,,"Intake and consent forms for weight loss injection clients, written for clarity and designed to look like part of your brand. Editable in Canva. Instant download.",https://www.etsy.com/listing/4550518564/?utm_source=pinterest&utm_medium=organic&utm_campaign=tools-for-clinics-coaches&utm_content=glp1-w38-p049,2026-09-18T12:29:00,"medspa forms, client intake form, consent form template, esthetician business forms"
Mounjaro Food Shopping List for the Whole Week,https://cdn.jsdelivr.net/gh/ilsetanis/glp1-living-pins@main/glp1-living-glp-1-foods-to-eat-w38-6c2b6c1d.png,GLP-1 Foods to Eat,,"A Mounjaro shopping list covering a full week: high protein basics, easy produce and what to leave on the shelf. Printable PDF, instant download.",https://glp-1-living.com/products/glp-1-diet-food-list-printable?utm_source=pinterest&utm_medium=organic&utm_campaign=foods-to-eat&utm_content=glp1-w38-p050,2026-09-18T13:32:00,"mounjaro food list, mounjaro foods, mounjaro food plan, mounjaro food shopping list, foods to eat on mounjaro, foods to eat while on mounjaro, mounjaro foods to avoid, food to avoid on mounjaro"
30 Day High Protein Meal Plan for GLP-1 Weight Loss,https://cdn.jsdelivr.net/gh/ilsetanis/glp1-living-pins@main/glp1-living-glp-1-meal-plans-w38-5a671fbc.png,GLP-1 Meal Plans,,"A 30 day high protein meal plan for GLP-1: every day hits its protein target, portions stay small, and nothing needs an hour in the kitchen. Instant download.",https://glp-1-living.com/products/30-day-glp-1-meal-plan?utm_source=pinterest&utm_medium=organic&utm_campaign=meal-plans&utm_content=glp1-w38-p051,2026-09-18T16:00:00,"glp-1 living, food noise, glp-1 tracker, glp-1 meal plan, medspa marketing, weight loss clinic social media, glp-1 tips"
30 Day GLP-1 Meal Plan With Weekly Grocery Lists,https://cdn.jsdelivr.net/gh/ilsetanis/glp1-living-pins@main/glp1-living-glp-1-meal-plans-w38-9fbabf02.png,GLP-1 Meal Plans,,"A 30 day GLP-1 meal plan with four weekly grocery lists, so the deciding is already done. High protein, realistic portions, meals that repeat on purpose. Printable PDF, instant download.",https://www.etsy.com/listing/4463280953/30-day-glp-1-meal-plan-monthly-high?utm_source=pinterest&utm_medium=organic&utm_campaign=meal-plans&utm_content=glp1-w38-p052,2026-09-18T17:16:00,"glp-1 living, food noise, glp-1 tracker, glp-1 meal plan, medspa marketing, weight loss clinic social media, glp-1 tips"
"GLP-1 Weekly Tracker: Dose, Weight and Measurements Side by Side",https://cdn.jsdelivr.net/gh/ilsetanis/glp1-living-pins@main/glp1-living-glp-1-trackers-journals-w38-15e81f2d.png,GLP-1 Trackers & Journals,,"A GLP-1 weekly tracker that puts dose, weight and measurements on one line, so a slow week still shows its progress. Auto-calculating, no formulas to build yourself. Instant download.",https://glp-1-living.com/products/glp-1-shot-tracker-google-sheets?utm_source=pinterest&utm_medium=organic&utm_campaign=trackers-journals&utm_content=glp1-w38-p053,2026-09-18T17:41:00,"glp-1 shot tracker, glp-1 weight tracker, glp 1 weight tracker, glp-1 weekly tracker, free glp-1 tracker, glp-1 tracker app, semaglutide injection log, weight loss tracker printable"
Injection Site Rotation Log for Semaglutide and Tirzepatide,https://cdn.jsdelivr.net/gh/ilsetanis/glp1-living-pins@main/glp1-living-glp-1-trackers-journals-w38-7ce83a2c.png,GLP-1 Trackers & Journals,,"An injection site rotation log so you never have to guess which side you used last week. Date, dose and site in one row, with space for how it felt. Made for a calm routine. Instant download.",https://glp-1-living.com/products/glp-1-shot-tracker-google-sheets?utm_source=pinterest&utm_medium=organic&utm_campaign=trackers-journals&utm_content=glp1-w38-p054,2026-09-18T20:55:00,"glp-1 shot tracker, glp-1 weight tracker, glp 1 weight tracker, glp-1 weekly tracker, free glp-1 tracker, glp-1 tracker app, semaglutide injection log, weight loss tracker printable"
"Everything for the First Month on GLP-1, in One Bundle",https://cdn.jsdelivr.net/gh/ilsetanis/glp1-living-pins@main/glp1-living-glp-1-foods-to-eat-w38-9f35e7c6.png,GLP-1 Foods to Eat,,"A GLP-1 starter bundle for the first month: food list, grocery list, portion guide and symptom swaps. Structure for the weeks when nothing tastes the way it used to. Instant download.",https://glp-1-living.com/products/glp-1-food-list-bundle-with-grocery-list-symptom-swap-guide?utm_source=pinterest&utm_medium=organic&utm_campaign=foods-to-eat&utm_content=glp1-w38-p055,2026-09-18T21:29:00,"glp-1 food list, glp-1 meal plan, glp-1 tracker, high protein meal prep, glp-1 recipes"
GLP-1 Soup Cookbook: Gentle Meals That Still Count,https://cdn.jsdelivr.net/gh/ilsetanis/glp1-living-pins@main/glp1-living-glp-1-recipes-w38-2628c645.png,GLP-1 Recipes,,"A GLP-1 soup cookbook for nausea support: easy, warming meals with protein built in. Simple methods, printable PDF, instant download.",https://glp-1-living.com/products/glp-1-soup-cookbook-for-nausea-support?utm_source=pinterest&utm_medium=organic&utm_campaign=recipes&utm_content=glp1-w38-p056,2026-09-18T21:34:00,"glp-1 living, food noise, glp-1 tracker, glp-1 meal plan, medspa marketing, weight loss clinic social media, glp-1 tips"
Track Your GLP-1 Progress Without a Single Spreadsheet Formula,https://cdn.jsdelivr.net/gh/ilsetanis/glp1-living-pins@main/glp1-living-glp-1-trackers-journals-w38-6b63bf7e.png,GLP-1 Trackers & Journals,,"A GLP-1 tracker that does the maths for you: percent lost, weekly change and dose history update as you type. For anyone who wants the numbers but not the setup. Instant download.",https://www.etsy.com/listing/4534977454/glp-1-shot-tracker-google-sheets?utm_source=pinterest&utm_medium=organic&utm_campaign=trackers-journals&utm_content=glp1-w38-p057,2026-09-18T21:51:00,"glp-1 shot tracker, glp-1 weight tracker, glp 1 weight tracker, glp-1 weekly tracker, free glp-1 tracker, glp-1 tracker app, semaglutide injection log, weight loss tracker printable"
"High Protein Grocery List for GLP-1, Sorted by Aisle",https://cdn.jsdelivr.net/gh/ilsetanis/glp1-living-pins@main/glp1-living-glp-1-foods-to-eat-w38-2448c76f.png,GLP-1 Foods to Eat,,"A high protein grocery list sorted by aisle so a shop takes twenty minutes, not an hour. Protein per item listed. Printable PDF, instant download.",https://glp-1-living.com/products/glp-1-grocery-list-printable?utm_source=pinterest&utm_medium=organic&utm_campaign=foods-to-eat&utm_content=glp1-w38-p058,2026-09-19T06:29:00,"high protein grocery list, high protein grocery list clean eating, high protein grocery list budget, high protein grocery list meal prep, high protein grocery store snacks, high protein grocery shopping, glp-1 grocery list"
High Protein Comfort Meals for GLP-1 Evenings,https://cdn.jsdelivr.net/gh/ilsetanis/glp1-living-pins@main/glp1-living-glp-1-recipes-w38-a1267dbd.png,GLP-1 Recipes,,"GLP-1 comfort food recipes for the end of a long day: warm, familiar, high protein and small enough to finish. Instant download.",https://www.etsy.com/listing/4549734641/?utm_source=pinterest&utm_medium=organic&utm_campaign=recipes&utm_content=glp1-w38-p059,2026-09-19T06:35:00,"glp-1 living, food noise, glp-1 tracker, glp-1 meal plan, medspa marketing, weight loss clinic social media, glp-1 tips"
"Plant Based GLP-1 Cookbook, High Protein and Gentle",https://cdn.jsdelivr.net/gh/ilsetanis/glp1-living-pins@main/glp1-living-glp-1-recipes-w38-822708d6.png,GLP-1 Recipes,,"A plant based cookbook for GLP-1: high protein vegetarian meals that are easy on a sensitive stomach. Printable PDF, instant download.",https://www.etsy.com/listing/4440316121/tirzepatide-vegetarian-recipes-glp1?utm_source=pinterest&utm_medium=organic&utm_campaign=recipes&utm_content=glp1-w38-p060,2026-09-19T07:28:00,"glp-1 living, food noise, glp-1 tracker, glp-1 meal plan, medspa marketing, weight loss clinic social media, glp-1 tips"
"Free-Flowing GLP-1 Tracker for Weight, Dose and Measurements",https://cdn.jsdelivr.net/gh/ilsetanis/glp1-living-pins@main/glp1-living-glp-1-trackers-journals-w38-6de92e37.png,GLP-1 Trackers & Journals,,"A GLP-1 tracker with room for weight, dose, measurements and the weeks you would rather not log. No streaks to break, no shame built in. Instant download.",https://glp-1-living.com/products/glp-1-shot-tracker-google-sheets?utm_source=pinterest&utm_medium=organic&utm_campaign=trackers-journals&utm_content=glp1-w38-p061,2026-09-19T09:36:00,"glp-1 shot tracker, glp-1 weight tracker, glp 1 weight tracker, glp-1 weekly tracker, free glp-1 tracker, glp-1 tracker app, semaglutide injection log, weight loss tracker printable"
High Protein Salads for GLP-1 That Are Not Just Leaves,https://cdn.jsdelivr.net/gh/ilsetanis/glp1-living-pins@main/glp1-living-glp-1-recipes-w38-dd243204.png,GLP-1 Recipes,,"Salad recipes for GLP-1 with real protein in them, so lunch keeps you going. Simple dressings, listed macros. Printable PDF, instant download.",https://glp-1-living.com/products/high-protein-salad-cookbook?utm_source=pinterest&utm_medium=organic&utm_campaign=recipes&utm_content=glp1-w38-p062,2026-09-19T10:19:00,"glp-1 living, food noise, glp-1 tracker, glp-1 meal plan, medspa marketing, weight loss clinic social media, glp-1 tips"
GLP-1 Instagram Templates for Clinics and Coaches,https://cdn.jsdelivr.net/gh/ilsetanis/glp1-living-pins@main/glp1-living-glp-1-tools-for-clinics-coaches-w38-6428204a.png,GLP-1 Tools for Clinics & Coaches,,"Editable GLP-1 social media templates for clinics, medspas and coaches: patient education posts, service posts and story frames. Fully editable in Canva. Instant download.",https://glp-1-living.com/products/glp-1-social-media-canva-templates?utm_source=pinterest&utm_medium=organic&utm_campaign=tools-for-clinics-coaches&utm_content=glp1-w38-p063,2026-09-19T11:48:00,"glp-1 living, food noise, glp-1 tracker, glp-1 meal plan, medspa marketing, weight loss clinic social media, glp-1 tips"
"Semaglutide Patient Handout: Clear, Calm and Print Ready",https://cdn.jsdelivr.net/gh/ilsetanis/glp1-living-pins@main/glp1-living-glp-1-tools-for-clinics-coaches-w38-60843b03.png,GLP-1 Tools for Clinics & Coaches,,"A semaglutide patient handout written in plain language: what the medication does, common side effects and practical tips for the first weeks. Editable in Canva, ready to print. Instant download.",https://glp-1-living.com/products/tirzepatide-weight-loss-flyer?utm_source=pinterest&utm_medium=organic&utm_campaign=tools-for-clinics-coaches&utm_content=glp1-w38-p064,2026-09-19T13:57:00,"medspa marketing, med spa social media, weight loss clinic marketing, aesthetic clinic marketing, patient education handout"
"GLP-1 Food List Bundle: Eat, Limit and Avoid Charts Plus Grocery List",https://cdn.jsdelivr.net/gh/ilsetanis/glp1-living-pins@main/glp1-living-glp-1-foods-to-eat-w38-8bb5a79e.png,GLP-1 Foods to Eat,,"A GLP-1 food list bundle: the eat, limit and avoid chart, a high protein grocery list and a swap guide for the foods that stop working. Everything you need for a shop in one download.",https://glp-1-living.com/products/glp-1-food-list-bundle-with-grocery-list-symptom-swap-guide?utm_source=pinterest&utm_medium=organic&utm_campaign=foods-to-eat&utm_content=glp1-w38-p065,2026-09-19T15:21:00,"glp-1 food list, glp-1 meal plan, glp-1 tracker, high protein meal prep, glp-1 recipes"
"One Download, Every GLP-1 Food List You Keep Looking For",https://cdn.jsdelivr.net/gh/ilsetanis/glp1-living-pins@main/glp1-living-glp-1-foods-to-eat-w38-67669635.png,GLP-1 Foods to Eat,,"A GLP-1 food list bundle so you stop searching mid-shop: what to eat, what to limit, the protein list and the swaps. Printable PDF, instant download.",https://glp-1-living.com/products/glp-1-food-list-bundle-with-grocery-list-symptom-swap-guide?utm_source=pinterest&utm_medium=organic&utm_campaign=foods-to-eat&utm_content=glp1-w38-p066,2026-09-19T17:03:00,"glp-1 food list, glp-1 meal plan, glp-1 tracker, high protein meal prep, glp-1 recipes"
"Ozempic Food List: Eat, Limit and Avoid on One Card",https://cdn.jsdelivr.net/gh/ilsetanis/glp1-living-pins@main/glp1-living-glp-1-foods-to-eat-w38-9e1b2ea0.png,GLP-1 Foods to Eat,,"An Ozempic food list on a single card: what to eat, what to limit and what usually causes trouble. Made to take shopping. Printable PDF, instant download.",https://glp-1-living.com/products/glp-1-diet-food-list-printable?utm_source=pinterest&utm_medium=organic&utm_campaign=foods-to-eat&utm_content=glp1-w38-p067,2026-09-19T17:25:00,"ozempic food list, ozempic foods to eat, ozempic food plan, ozempic food shopping list, what foods to eat while on ozempic, foods to eat when on ozempic, ozempic food guide, ozempic food recipes"
GLP-1 High Protein Recipes for the Whole Week,https://cdn.jsdelivr.net/gh/ilsetanis/glp1-living-pins@main/glp1-living-glp-1-recipes-w38-ca53ab51.png,GLP-1 Recipes,,"High protein recipes for GLP-1 across breakfast, lunch and dinner. Portions sized for a smaller appetite, macros listed. Printable PDF, instant download.",https://glp-1-living.com/products/glp-1-high-protein-recipes?utm_source=pinterest&utm_medium=organic&utm_campaign=recipes&utm_content=glp1-w38-p068,2026-09-19T17:45:00,"glp-1 living, food noise, glp-1 tracker, glp-1 meal plan, medspa marketing, weight loss clinic social media, glp-1 tips"
Tapering Off GLP-1 Without Losing What You Built,https://cdn.jsdelivr.net/gh/ilsetanis/glp1-living-pins@main/glp1-living-glp-1-meal-plans-w38-0e8b2d1f.png,GLP-1 Meal Plans,,"A practical guide to tapering off semaglutide or tirzepatide: what to expect, how to protect your protein and muscle, and a maintenance meal plan for the months after. Instant download.",https://www.etsy.com/listing/4465837865/glp-1-life-after-ebook-weight?utm_source=pinterest&utm_medium=organic&utm_campaign=meal-plans&utm_content=glp1-w38-p069,2026-09-19T17:55:00,"keeping weight off after ozempic, after ozempic diet, ozempic before and after, how to maintain weight loss, life after glp-1, maintenance calories"
What to Eat on GLP-1: A Meal Plan That Does the Thinking,https://cdn.jsdelivr.net/gh/ilsetanis/glp1-living-pins@main/glp1-living-glp-1-meal-plans-w38-7f95e387.png,GLP-1 Meal Plans,,"A GLP-1 meal plan for the days you cannot face another decision. Protein first, portions realistic, grocery list written. Printable PDF, instant download.",https://glp-1-living.com/products/30-day-glp-1-meal-plan?utm_source=pinterest&utm_medium=organic&utm_campaign=meal-plans&utm_content=glp1-w38-p070,2026-09-19T18:34:00,"glp-1 living, food noise, glp-1 tracker, glp-1 meal plan, medspa marketing, weight loss clinic social media, glp-1 tips"
GLP-1 Pill vs Injection: The Complete Oral Semaglutide Guide,https://cdn.jsdelivr.net/gh/ilsetanis/glp1-living-pins@main/glp1-living-glp-1-foods-to-eat-w38-9391ca39.png,GLP-1 Foods to Eat,,"A 34 page guide comparing the GLP-1 pill and the injection: how oral semaglutide works, how it differs in dosing and side effects, and what to eat on it. Free meal plan included. Instant download.",https://www.etsy.com/listing/4430711047/glp1-digital-planner-ipad-2026?utm_source=pinterest&utm_medium=organic&utm_campaign=foods-to-eat&utm_content=glp1-w38-p071,2026-09-19T19:15:00,"wegovy, wegovy food list, wegovy results, semaglutide oral, weight loss pill"
Wegovy Safe Foods and the Ones to Skip,https://cdn.jsdelivr.net/gh/ilsetanis/glp1-living-pins@main/glp1-living-glp-1-foods-to-eat-w38-2f08e6b9.png,GLP-1 Foods to Eat,,"A Wegovy food card covering what goes down easily and what to avoid in the days after your shot. Clear, calm, printable. Instant download.",https://glp-1-living.com/products/glp-1-diet-food-list-printable?utm_source=pinterest&utm_medium=organic&utm_campaign=foods-to-eat&utm_content=glp1-w38-p072,2026-09-20T06:09:00,"wegovy food list, wegovy foods, wegovy food plan, foods for wegovy, wegovy safe foods, food to eat while taking wegovy, best food to eat on wegovy, wegovy foods to avoid"
GLP-1 Breakfast Ideas You Can Make in Ten Minutes,https://cdn.jsdelivr.net/gh/ilsetanis/glp1-living-pins@main/glp1-living-glp-1-recipes-w38-2eb06d78.png,GLP-1 Recipes,,"Quick GLP-1 breakfast recipes, all high protein and all realistic before work. Macros listed, printable PDF, instant download.",https://glp-1-living.com/products/glp-1-breakfast-recipes?utm_source=pinterest&utm_medium=organic&utm_campaign=recipes&utm_content=glp1-w38-p073,2026-09-20T07:22:00,"glp-1 living, food noise, glp-1 tracker, glp-1 meal plan, medspa marketing, weight loss clinic social media, glp-1 tips"
Maintenance Meal Planner and Grocery List for After GLP-1,https://cdn.jsdelivr.net/gh/ilsetanis/glp1-living-pins@main/glp1-living-glp-1-meal-plans-w38-15eb5c27.png,GLP-1 Meal Plans,,"A meal planner and grocery list for the maintenance phase: weekly planning pages, protein targets and a shopping list that writes itself from the plan. Instant download.",https://glp-1-living.com/products/glp-1-maintenance-meal-planner-and-grocery-list?utm_source=pinterest&utm_medium=organic&utm_campaign=meal-plans&utm_content=glp1-w38-p074,2026-09-20T10:29:00,"high protein grocery list, high protein grocery list clean eating, high protein grocery list budget, high protein grocery list meal prep, high protein grocery store snacks, high protein grocery shopping, glp-1 grocery list"
"Mounjaro Flyer Template for Clinics, Fully Editable",https://cdn.jsdelivr.net/gh/ilsetanis/glp1-living-pins@main/glp1-living-glp-1-tools-for-clinics-coaches-w38-988bda52.png,GLP-1 Tools for Clinics & Coaches,,"A Mounjaro flyer template for clinics and medspas: programme overview, what is included and a place for your pricing. Edit in Canva, print or share digitally. Instant download.",https://glp-1-living.com/products/tirzepatide-weight-loss-flyer?utm_source=pinterest&utm_medium=organic&utm_campaign=tools-for-clinics-coaches&utm_content=glp1-w38-p075,2026-09-20T10:54:00,"medspa marketing, med spa social media, weight loss clinic marketing, aesthetic clinic marketing, patient education handout"
GLP-1 Weekly Check-In: The Numbers That Actually Matter,https://cdn.jsdelivr.net/gh/ilsetanis/glp1-living-pins@main/glp1-living-glp-1-trackers-journals-w38-becd171d.png,GLP-1 Trackers & Journals,,"A GLP-1 weekly check-in sheet: weight, dose, protein, water and how the week felt, on one page. Enough structure to see progress, not so much that you stop filling it in. Instant download.",https://www.etsy.com/listing/4534977454/glp-1-shot-tracker-google-sheets?utm_source=pinterest&utm_medium=organic&utm_campaign=trackers-journals&utm_content=glp1-w38-p076,2026-09-20T12:35:00,"glp-1 shot tracker, glp-1 weight tracker, glp 1 weight tracker, glp-1 weekly tracker, free glp-1 tracker, glp-1 tracker app, semaglutide injection log, weight loss tracker printable"
Single Serving High Protein Desserts for GLP-1,https://cdn.jsdelivr.net/gh/ilsetanis/glp1-living-pins@main/glp1-living-glp-1-recipes-w38-331aac3b.png,GLP-1 Recipes,,"GLP-1 dessert recipes portioned for one, so nothing goes to waste and nothing gets forced down. High protein, low sugar. Instant download.",https://glp-1-living.com/products/glp-1-recipe-book-digital-high-protein?utm_source=pinterest&utm_medium=organic&utm_campaign=recipes&utm_content=glp1-w38-p077,2026-09-20T12:59:00,"glp-1 living, food noise, glp-1 tracker, glp-1 meal plan, medspa marketing, weight loss clinic social media, glp-1 tips"
High Protein Meal Prep Recipes for GLP-1,https://cdn.jsdelivr.net/gh/ilsetanis/glp1-living-pins@main/glp1-living-glp-1-recipes-w38-1a7f14b2.png,GLP-1 Recipes,,"GLP-1 recipes made for meal prep: batch friendly, high protein and still good on day three. Printable PDF, instant download.",https://www.etsy.com/listing/4438163383/glp1-high-protein-diet-meal-plan?utm_source=pinterest&utm_medium=organic&utm_campaign=recipes&utm_content=glp1-w38-p078,2026-09-20T13:36:00,"glp-1 living, food noise, glp-1 tracker, glp-1 meal plan, medspa marketing, weight loss clinic social media, glp-1 tips"
"Best Foods to Eat on Wegovy, on One Printable Card",https://cdn.jsdelivr.net/gh/ilsetanis/glp1-living-pins@main/glp1-living-glp-1-foods-to-eat-w38-d47f37cc.png,GLP-1 Foods to Eat,,"The foods that work best on Wegovy, sorted and printable: protein first, easy produce, and the ones that usually sit badly. Instant download.",https://www.etsy.com/listing/4412794657/glp-1-diet-food-list-printable-eatavoid?utm_source=pinterest&utm_medium=organic&utm_campaign=foods-to-eat&utm_content=glp1-w38-p079,2026-09-20T15:12:00,"wegovy food list, wegovy foods, wegovy food plan, foods for wegovy, wegovy safe foods, food to eat while taking wegovy, best food to eat on wegovy, wegovy foods to avoid"
Thinking About the Wegovy Pill? Read This First,https://cdn.jsdelivr.net/gh/ilsetanis/glp1-living-pins@main/glp1-living-glp-1-foods-to-eat-w38-c814bf83.png,GLP-1 Foods to Eat,,"A clear, calm guide to oral semaglutide versus the injection: dosing, timing, food rules and side effects, side by side. 34 pages with a meal plan. Instant download.",https://www.etsy.com/listing/4430711047/glp1-digital-planner-ipad-2026?utm_source=pinterest&utm_medium=organic&utm_campaign=foods-to-eat&utm_content=glp1-w38-p080,2026-09-20T16:28:00,"wegovy, wegovy food list, wegovy results, semaglutide oral, weight loss pill"
Wegovy Food List: What to Eat and What to Avoid,https://cdn.jsdelivr.net/gh/ilsetanis/glp1-living-pins@main/glp1-living-glp-1-foods-to-eat-w38-846366d4.png,GLP-1 Foods to Eat,,"A Wegovy food list on one card: what to eat, what to limit and what tends to cause trouble. Made for the supermarket, not for reading twice. Printable PDF, instant download.",https://glp-1-living.com/products/glp-1-diet-food-list-printable?utm_source=pinterest&utm_medium=organic&utm_campaign=foods-to-eat&utm_content=glp1-w38-p081,2026-09-20T17:02:00,"wegovy food list, wegovy foods, wegovy food plan, foods for wegovy, wegovy safe foods, food to eat while taking wegovy, best food to eat on wegovy, wegovy foods to avoid"
Life After GLP-1: A Maintenance and Tapering Guide,https://cdn.jsdelivr.net/gh/ilsetanis/glp1-living-pins@main/glp1-living-glp-1-meal-plans-w38-9554c084.png,GLP-1 Meal Plans,,"A 34 page guide for the part nobody plans for: coming off the medication and keeping the weight off. Tapering, maintenance calories, protein targets and a meal plan to land on. Instant download.",https://www.etsy.com/listing/4465837865/glp-1-life-after-ebook-weight?utm_source=pinterest&utm_medium=organic&utm_campaign=meal-plans&utm_content=glp1-w38-p082,2026-09-20T17:51:00,"keeping weight off after ozempic, after ozempic diet, ozempic before and after, how to maintain weight loss, life after glp-1, maintenance calories"
What Foods to Eat While on Ozempic,https://cdn.jsdelivr.net/gh/ilsetanis/glp1-living-pins@main/glp1-living-glp-1-foods-to-eat-w38-e87270e4.png,GLP-1 Foods to Eat,,"An Ozempic food chart for the everyday questions: which proteins, which carbs, which foods to skip in the days after your shot. Printable PDF, instant download.",https://www.etsy.com/listing/4412794657/glp-1-diet-food-list-printable-eatavoid?utm_source=pinterest&utm_medium=organic&utm_campaign=foods-to-eat&utm_content=glp1-w38-p083,2026-09-20T17:56:00,"ozempic food list, ozempic foods to eat, ozempic food plan, ozempic food shopping list, what foods to eat while on ozempic, foods to eat when on ozempic, ozempic food guide, ozempic food recipes"
"GLP-1 Breakfast Recipes: High Protein, Small Portions",https://cdn.jsdelivr.net/gh/ilsetanis/glp1-living-pins@main/glp1-living-glp-1-recipes-w38-72310c20.png,GLP-1 Recipes,,"Breakfast recipes for GLP-1: high protein, small portions and nothing that takes twenty minutes on a work morning. Printable PDF, instant download.",https://www.etsy.com/listing/4436445713/glp1-cookbook-for-breakfast-recipes-low?utm_source=pinterest&utm_medium=organic&utm_campaign=recipes&utm_content=glp1-w38-p084,2026-09-20T19:13:00,"glp-1 living, food noise, glp-1 tracker, glp-1 meal plan, medspa marketing, weight loss clinic social media, glp-1 tips"
Ozempic Food Guide for the First Weeks,https://cdn.jsdelivr.net/gh/ilsetanis/glp1-living-pins@main/glp1-living-glp-1-foods-to-eat-w38-5b7c9282.png,GLP-1 Foods to Eat,,"An Ozempic food guide for the early weeks, when appetite and tolerance shift fastest: what goes down easily, what to limit, what to keep in the house. Instant download.",https://glp-1-living.com/products/glp-1-diet-food-list-printable?utm_source=pinterest&utm_medium=organic&utm_campaign=foods-to-eat&utm_content=glp1-w38-p085,2026-09-20T21:29:00,"ozempic food list, ozempic foods to eat, ozempic food plan, ozempic food shopping list, what foods to eat while on ozempic, foods to eat when on ozempic, ozempic food guide, ozempic food recipes"
Plan a Whole Year on GLP-1 Without Six Different Apps,https://cdn.jsdelivr.net/gh/ilsetanis/glp1-living-pins@main/glp1-living-glp-1-trackers-journals-w38-d1b7cb41.png,GLP-1 Trackers & Journals,,"A 2026 GLP-1 planner that holds the lot: doses, weight, measurements, habits and monthly reflections. One file, all year. Instant download.",https://glp-1-living.com/products/glp-1-planner-2026?utm_source=pinterest&utm_medium=organic&utm_campaign=trackers-journals&utm_content=glp1-w38-p086,2026-09-21T06:25:00,"glp-1 living, food noise, glp-1 tracker, glp-1 meal plan, medspa marketing, weight loss clinic social media, glp-1 tips"
"High Protein Soups for GLP-1, Easy on the Stomach",https://cdn.jsdelivr.net/gh/ilsetanis/glp1-living-pins@main/glp1-living-glp-1-recipes-w38-4725f70c.png,GLP-1 Recipes,,"GLP-1 soup recipes with real protein in them, made for the weeks when solid food is hard work. Printable PDF, instant download.",https://glp-1-living.com/products/glp-1-soup-cookbook-for-nausea-support?utm_source=pinterest&utm_medium=organic&utm_campaign=recipes&utm_content=glp1-w38-p087,2026-09-21T06:51:00,"glp-1 living, food noise, glp-1 tracker, glp-1 meal plan, medspa marketing, weight loss clinic social media, glp-1 tips"
Weight Loss Injection Flyer: Patient Copy Already Written,https://cdn.jsdelivr.net/gh/ilsetanis/glp1-living-pins@main/glp1-living-glp-1-tools-for-clinics-coaches-w38-66df754b.png,GLP-1 Tools for Clinics & Coaches,,"A weight loss injection flyer with the hardest part done: the patient copy. Clear, calm, no medical overclaiming. Drop in your logo and colours in Canva. Instant download.",https://glp-1-living.com/products/tirzepatide-weight-loss-flyer?utm_source=pinterest&utm_medium=organic&utm_campaign=tools-for-clinics-coaches&utm_content=glp1-w38-p088,2026-09-21T07:10:00,"medspa marketing, med spa social media, weight loss clinic marketing, aesthetic clinic marketing, patient education handout"
GLP-1 Salad Recipes With 30g Protein or More,https://cdn.jsdelivr.net/gh/ilsetanis/glp1-living-pins@main/glp1-living-glp-1-recipes-w38-ad712ed6.png,GLP-1 Recipes,,"High protein salads built for GLP-1: every recipe clears 30g of protein in a portion you can finish. Printable PDF, instant download.",https://glp-1-living.com/products/high-protein-salad-cookbook?utm_source=pinterest&utm_medium=organic&utm_campaign=recipes&utm_content=glp1-w38-p089,2026-09-21T08:05:00,"glp-1 living, food noise, glp-1 tracker, glp-1 meal plan, medspa marketing, weight loss clinic social media, glp-1 tips"
Tirzepatide Flyer Template: Explain the Programme in One Page,https://cdn.jsdelivr.net/gh/ilsetanis/glp1-living-pins@main/glp1-living-glp-1-tools-for-clinics-coaches-w38-4a7d5a0e.png,GLP-1 Tools for Clinics & Coaches,,"A tirzepatide flyer template that explains your weight loss programme on a single page. Copy written for patients, layout ready to print or send. Editable in Canva. Instant download.",https://www.etsy.com/listing/4383818620/tirzepatide-zepbound-weight-loss-flyer?utm_source=pinterest&utm_medium=organic&utm_campaign=tools-for-clinics-coaches&utm_content=glp1-w38-p090,2026-09-21T09:03:00,"medspa marketing, med spa social media, weight loss clinic marketing, aesthetic clinic marketing, patient education handout"
Mounjaro Food List: What to Eat and What to Avoid,https://cdn.jsdelivr.net/gh/ilsetanis/glp1-living-pins@main/glp1-living-glp-1-foods-to-eat-w38-9e1825ae.png,GLP-1 Foods to Eat,,"A Mounjaro food list on one card: eat, limit and avoid, plus the protein options that go down easiest. Printable PDF, instant download.",https://www.etsy.com/listing/4412794657/glp-1-diet-food-list-printable-eatavoid?utm_source=pinterest&utm_medium=organic&utm_campaign=foods-to-eat&utm_content=glp1-w38-p091,2026-09-21T09:39:00,"mounjaro food list, mounjaro foods, mounjaro food plan, mounjaro food shopping list, foods to eat on mounjaro, foods to eat while on mounjaro, mounjaro foods to avoid, food to avoid on mounjaro"
Gallbladder Friendly Food Guide for GLP-1 Users,https://cdn.jsdelivr.net/gh/ilsetanis/glp1-living-pins@main/glp1-living-glp-1-foods-to-eat-w38-79442269.png,GLP-1 Foods to Eat,,"A gallbladder friendly food guide for GLP-1: 130+ foods with fat grams, an eat, limit and avoid chart and a 7 day low fat plan. For the weeks rich meals do not sit well. Instant download.",https://www.etsy.com/listing/4554960017/?utm_source=pinterest&utm_medium=organic&utm_campaign=foods-to-eat&utm_content=glp1-w38-p092,2026-09-21T10:09:00,"glp-1 living, food noise, glp-1 tracker, glp-1 meal plan, medspa marketing, weight loss clinic social media, glp-1 tips"
GLP-1 Client Intake and Consent Form Bundle for Medspas,https://cdn.jsdelivr.net/gh/ilsetanis/glp1-living-pins@main/glp1-living-glp-1-tools-for-clinics-coaches-w38-34ef275c.png,GLP-1 Tools for Clinics & Coaches,,"A GLP-1 client intake and consent form bundle for medspas and weight loss clinics: history, medication, consent and follow-up, already laid out. Editable in Canva. Instant download.",https://glp-1-living.com/products/glp-1-client-intake-form-and-consent-form-bundle-for-med-spa?utm_source=pinterest&utm_medium=organic&utm_campaign=tools-for-clinics-coaches&utm_content=glp1-w38-p093,2026-09-21T11:18:00,"medspa forms, client intake form, consent form template, esthetician business forms"
High Protein Meal Prep for a Week on GLP-1,https://cdn.jsdelivr.net/gh/ilsetanis/glp1-living-pins@main/glp1-living-glp-1-meal-plans-w38-93dabdb2.png,GLP-1 Meal Plans,,"A week of high protein meal prep sized for GLP-1: seven days of meals, a prep order that works on a Sunday, and a grocery list to match. Printable PDF, instant download.",https://www.etsy.com/listing/4463373162/1200-calorie-high-protein-meal-plan-7?utm_source=pinterest&utm_medium=organic&utm_campaign=meal-plans&utm_content=glp1-w38-p094,2026-09-21T12:16:00,"glp-1 living, food noise, glp-1 tracker, glp-1 meal plan, medspa marketing, weight loss clinic social media, glp-1 tips"
A Full Week of GLP-1 Meals You Can Actually Finish,https://cdn.jsdelivr.net/gh/ilsetanis/glp1-living-pins@main/glp1-living-glp-1-meal-plans-w38-cdb31164.png,GLP-1 Meal Plans,,"A 7 day GLP-1 meal plan with portions sized for how you eat now, not how you used to. High protein, simple ingredients, grocery list included. Instant download.",https://glp-1-living.com/products/1200-calorie-high-protein-meal-plan-7-day-glp-1-plan-with-ma?utm_source=pinterest&utm_medium=organic&utm_campaign=meal-plans&utm_content=glp1-w38-p095,2026-09-21T15:55:00,"glp-1 living, food noise, glp-1 tracker, glp-1 meal plan, medspa marketing, weight loss clinic social media, glp-1 tips"
Keeping Weight Off After Ozempic: The Maintenance Ebook,https://cdn.jsdelivr.net/gh/ilsetanis/glp1-living-pins@main/glp1-living-glp-1-meal-plans-w38-f1fa5dcc.png,GLP-1 Meal Plans,,"A maintenance guide for after GLP-1: what changes when the medication stops, how to find your maintenance calories and how to keep the habits that carried you. 34 pages, printable PDF.",https://www.etsy.com/listing/4465837865/glp-1-life-after-ebook-weight?utm_source=pinterest&utm_medium=organic&utm_campaign=meal-plans&utm_content=glp1-w38-p096,2026-09-21T16:09:00,"keeping weight off after ozempic, after ozempic diet, ozempic before and after, how to maintain weight loss, life after glp-1, maintenance calories"
"GLP-1 Food List Bundle for Ozempic, Wegovy and Mounjaro",https://cdn.jsdelivr.net/gh/ilsetanis/glp1-living-pins@main/glp1-living-glp-1-foods-to-eat-w38-d2293312.png,GLP-1 Foods to Eat,,"A GLP-1 food list bundle that works whichever medication you are on: eat and avoid chart, high protein grocery list and food swaps. Printable PDF, instant download.",https://glp-1-living.com/products/glp-1-food-list-bundle-with-grocery-list-symptom-swap-guide?utm_source=pinterest&utm_medium=organic&utm_campaign=foods-to-eat&utm_content=glp1-w38-p097,2026-09-21T16:38:00,"glp-1 food list, glp-1 meal plan, glp-1 tracker, high protein meal prep, glp-1 recipes"
"Weight Loss Clinic Flyer Template, Ready to Edit in Canva",https://cdn.jsdelivr.net/gh/ilsetanis/glp1-living-pins@main/glp1-living-glp-1-tools-for-clinics-coaches-w38-468be696.png,GLP-1 Tools for Clinics & Coaches,,"A weight loss clinic flyer with the patient copy already written: how the programme works, what a consult includes, how to book. Change the branding, keep the structure. Instant download.",https://glp-1-living.com/products/tirzepatide-weight-loss-flyer?utm_source=pinterest&utm_medium=organic&utm_campaign=tools-for-clinics-coaches&utm_content=glp1-w38-p098,2026-09-21T17:22:00,"medspa marketing, med spa social media, weight loss clinic marketing, aesthetic clinic marketing, patient education handout"
GLP-1 Smoothie Recipes for Low Appetite Days,https://cdn.jsdelivr.net/gh/ilsetanis/glp1-living-pins@main/glp1-living-glp-1-recipes-w38-fec16215.png,GLP-1 Recipes,,"High protein smoothies for GLP-1, for the days chewing feels like too much. Real protein per serving, five ingredients or fewer. Instant download.",https://glp-1-living.com/products/glp-1-smoothie-meal-plan?utm_source=pinterest&utm_medium=organic&utm_campaign=recipes&utm_content=glp1-w38-p099,2026-09-21T19:18:00,"glp-1 living, food noise, glp-1 tracker, glp-1 meal plan, medspa marketing, weight loss clinic social media, glp-1 tips"
"Semaglutide Injection Log: One Row Per Week, All Year",https://cdn.jsdelivr.net/gh/ilsetanis/glp1-living-pins@main/glp1-living-glp-1-trackers-journals-w38-b28abec3.png,GLP-1 Trackers & Journals,,"A semaglutide injection log built for the long haul: one row per week, a full year on one tab. Dose, weight and site rotation together so titration is easy to look back on. Instant download.",https://glp-1-living.com/products/glp-1-shot-tracker-google-sheets?utm_source=pinterest&utm_medium=organic&utm_campaign=trackers-journals&utm_content=glp1-w38-p100,2026-09-21T21:37:00,"glp-1 shot tracker, glp-1 weight tracker, glp 1 weight tracker, glp-1 weekly tracker, free glp-1 tracker, glp-1 tracker app, semaglutide injection log, weight loss tracker printable"
